RTT_time,on_chain_time,result
628.6402499675751,47327.11911201477,Pass
0.0,1593.0731296539307,Pass
0.0,1632.7548027038574,Pass
